No,Test,lprice,SDC PRICE,CELLPRICE,STERLING,INVITRO,UNIPRICE,Sample,,
1,.URINE EXAMINATION,100,,,,,,URINE,,
2,.VISIT,50,,,,,,,,
3,0CAMP,50,,,,,,SERUM;MER,,
4,24 hour Urinary Phosphorus,300,,,,,,24HRURINE,,
5,24 Hr Urinary Creatinine,250,,,,,,24HRURINE,,
6,24 Hr Urinary K,250,,,,,,SERUM,,
7,24 Hr Urinary URIC ACID,250,,,,,,24HRURINE,,
8,24 Urinary Calcium,300,,,,,,24HRURINE,,
9,24 Urinary Cortisol,600,,,,,,24HRURINE,,
10,24 Urinary Protine,250,,,,,,24HRURINE,,
11,24 URINE METANEPHRINE,3000,,,,,,24HRURINE,,
12,24 URINE VMA,1800,,,,,,24HRURINE,,
13,ABG,1000,,,,,,ASK SUPIRIOR,,
14,ACE,1400,,,,,,SERUM,,
15,ACETONE,200,,,,,,SERUM,,
16,ACh RECEPTOR ANTIBODY LEVEL,4000,,,,,,SERUM,,
17,ACID PHOSPHATASE,500,,,,,,SERUM,,
18,"ACTH, Plasma",1100,,,,,,WBEDTA,,
19,ADA,600,,,,,,PLEURALFLUID,,
20,AEC,150,,,,,,WBEDTA,,
21,AFB,200,,,,,,SPUTUM,,
22,AFB 3 Days,600,,,,,,SPUTUM;SPUTUM2;SPUTUM3,,
23,AFP,600,,,,,,SERUM,,
24,ALBUMIN,200,,,,,,SERUM,,
25,Aldosterone,2500,,,,,,SERUM,,
26,ALFA FETO PROTIN,600,,,,,,SERUM,,
27,ALKALINE PHOSPHATASE,200,,,,,,SERUM,,
28,Allergic Screening Drugs,2000,,,,,,SERUM,,
29,Allergic Screening Inhalant,1500,,,,,,SERUM,,
30,Allergic Screening Non-veg Food,1200,,,,,,SERUM,,
31,Allergic Screening VEG Food,1800,,,,,,SERUM,,
32,Allergic Screening Veg Food + Inhalant,2200,,,,,,SERUM,,
33,Allergic Screening Veg Food + Inhalant + nonveg food,3200,,,,,,SERUM,,
34,AMA (Anti Mitochondrial Antibody),1500,,,,,,SERUM,,
35,AMMONIA,600,,,,,,EDTAPLASMA,,
36,AMYLASE,450,,,,,,SERUM,,
37,AMYLASE (Fluid),450,,,,1,,FLUID,,
38,ANA BY ELISA,600,,,,,,SERUM,,
39,ANA BY IF,700,,,,,,SERUM,,
40,ANA Profile(Blot),3400,,,,,,SERUM,,
41,ANCA IF,2000,,,,,,SERUM,,
42,ANCA-C,1800,,,,,,SERUM,,
43,ANCA-P,1800,,,,,,SERUM,,
44,Ante natal Profile G,500,,,,,,WBEDTA;SERUM;URINE,,
45,Ante-natal Profile  Dr Falgoon Parikh,350,,,,,,WBEDTA;SERUM;URINE,,
46,Ante-natal Profile Dr Hina Jayesh Patel,400,,,,,,WBEDTA;SERUM;URINE;CITRATEPLASMA,,
47,Ante-natal Profile Dr Janviben,350,,,,,,WBEDTA;SERUM;URINE,,
48,Ante-natal Profile Dr Pinalben,250,,,,,,WBEDTA;SERUM;URINE,,
49,Anti B2-Glycoprotein I (IgG) Ab,750,,,,,,SERUM,,
50,Anti B2-Glycoprotein I (IgM) Ab,750,,,,,,SERUM,,
51,Anti Borrelia IgG,1000,,,,,,SERUM,,
52,Anti Borrelia IgM,1000,,,,,,SERUM,,
53,ANTI CARDIOLIPIN IgG,450,,,,,,SERUM,,
54,ANTI CARDIOLIPIN IgM,450,,,,,,SERUM,,
55,ANTI DS DNA ELISA,700,,,,,,SERUM,,
56,Anti Gliadin IgA,2000,,,,,,SERUM,,
57,Anti Gliadin IgG,2000,,,,,,SERUM,,
58,ANTI HBc Total,700,,,,,,SERUM,,
59,ANTI HBcAg-IgM,700,,,,,,SERUM,,
60,Anti HbS,700,,,,,,SERUM,,
61,Anti LC (Liver Cytosol)1 Ab,0,,,,,,SERUM,,
62,Anti Mullerian Hormone,1500,,,,,,SERUM,,
63,Anti Phspholipid antibody IgG,450,,,,,,SERUM,,
64,Anti Phspholipid antibody IgM,450,,,,,,SERUM,,
65,Anti SMA (Smooth Muscle Antibody),1400,,,,,,SERUM,,
66,Anti Sperm Antibody,900,,,,,,SERUM,,
67,ANTI THROMBIN III,1200,,,,,,CITRATEPLASMA,,
68,Anti Thyroglobulin Antibody,700,,,,,,SERUM,,
69,ANTI TPO Ab,900,,,,,,SERUM,,
70,ANTICCP,1000,,,,,,SERUM,,
71,APOLIPOPROTEIN A 1,400,,,,,,SERUM,,
72,APTT,400,,,,,,CITRATEPLASMA,,
73,ARTHRITIC PROFILE,600,,,,,,SERUM,,
74,ASCA(Anti Saccharomyces Cervislae) IgG,2100,,,,,,SERUM,,
75,ASCA(Anti Saccharomyces Cervislae) IgM,2100,,,,,,SERUM,,
76,ASCITIC FLUID,600,,,,,,ASCITICFLUID,,
77,ASMA (Anti smooth muscle antibody),1500,,,,,,SERUM,,
78,ASO,500,,,,,,SERUM,,
79,"Aspergillus (Galactomannan) Antigen, Serum",1500,,,,,,SERUM,,
80,B HCG,500,,,,,,SERUM,,
81,B1 VITAMIN,1500,,,,,,SERUM,,
82,B12 LEVEL,700,,,,,,SERUM,,
83,B6 VITAMIN,1500,,,,,,SERUM,,
84,B6(PYRYDOXINE),10000,,,,,,EDTA PLASMA,,
85,BATECT TB CULTURE,1000,,,,,,ASK SUPIRIOR,,
86,BCU (Dr Devang Shah),600,,,,,,WBEDTA;SERUM;URINE,,
87,Bicarbonate (HCO3),800,,,,,,WBHEP,,
88,BILIRUBIN,200,,,,,,SERUM,,
89,BIOPSY,1200,,,,,,SPECIMEN,,
90,Biospy slide Review,0,,,,,,SPECIMEN,,
91,BLOOD CS BATECT/ALERT,1000,,,,,,BACTEC CS VIAL,,
92,BLOOD CS BATECT/ALERT 3 SMP 1/2 HR APART,3000,,,,,,BACTEC CS VIAL,,
93,BLOOD CS BATECT/ALERT ANAEROBIC,1000,,,,,,ASK SUPIRIOR,,
94,BLOOD GAS,1000,,,,,,ASK SUPIRIOR,,
95,Blood pH,800,,,,,,WBEDTA,,
96,BNP (Beta type Natriuretic Peptide),1800,,,,,,SERUM,,
97,BRUCELLA Ab(IgG & IgM),1250,,,,,,SERUM,,
98,Brucellosis,900,,,,,,SERUM,,
99,BT CT,150,,,,,,,,
100,C 3,500,,,,,,SERUM,,
101,C 4,600,,,,,,SERUM,,
102,C PEPTIDE,1100,,,,,,SERUM,,
103,C/S Sputum,650,,,,,,SPUTUM,,
104,CA 125,900,,,,,,SERUM,,
105,CA 15.3,1000,,,,,,SERUM,,
106,CA 19.9,1000,,,,,,SERUM,,
107,Calcitonin,1200,,,,,,Serum,,
108,CALCIUM,250,,,,,,SERUM,,
109,Cardiac Profile,1600,,,,,,SERUM;URINE,,
110,CBC,250,,,,,,WBEDTA,,
111,CBC ESR,300,,,,,,WBEDTA;ESR,,
112,CD4 CD8 Count,1800,,,,,,WBEDTA;SERUM,,
113,CEA,700,,,,,,SERUM,,
114,Ceruloplasmin(Copper Oxidase),600,,,,,,SERUM,,
115,Chikungunya IgG,700,,,,,,SERUM,,
116,Chikungunya IgM,700,,,,,,SERUM,,
117,Chikungunya RNA Qualitative Detection by PCR,2500,,,,,,EDTA;PLAIN,,
118,Chlamydia IgA,900,,,,,,SERUM,,
119,CHLORIDE,200,,,,,,SERUM,,
120,CHOLESREROL,150,,,,,,SERUM,,
121,CHOLINESTERASE Plasma,800,,,,,,WBEDTA,,
122,CHOLINESTERASE RBCs,800,,,,,,SERUM,,
123,CHOLINESTERASE Serum,800,,,,,,SERUM,,
124,ChromoGranin  A (CGA),7000,,,,,,SERUM,,
125,CK MB,600,,,,,,SERUM,,
126,CMV IgG,350,,,,,,SERUM,,
127,CMV IgM,350,,,,,,SERUM,,
128,COMPLETE METABOLIC PANNEL (CMP),1500,,,,,,SERUM;HEPARIN,,
129,Comprehensive Check Up,3500,,,,,,WBEDTA;SERUM;URINE;ECG;XRAY;PFT,,
130,Comprehensive health Scan,3000,,,,,,WBEDTA;SERUM;URINE;ECG;XRAY;PFT,,
131,COOMBS' TEST - INDIRECT,500,,,,,,WBEDTA;SERUM,,
132,Copper,800,,,,,,SERUM,,
133,CORTISOL 4 PM,550,,,,,,SERUM,,
134,CORTISOL 8 AM,550,,,,,,SERUM,,
135,CORTISOL 8 PM,550,,,,,,SERUM,,
136,Cotinine Urine Test,500,,,,,,Serum,,
137,CPK TOTAL,600,,,,,,SERUM,,
138,CREATININE,200,,,,,,SERUM,,
139,Creatinine Clearance,400,,,,,,SERUM;URINE,,
140,CRP,350,,,,,,SERUM,,
141,Cryptococcal Antigen CSF,1000,,,,,,CSF,,
142,CS AFB,1000,,,,,,SPECIMEN,,
143,CS CSF,800,,,,,,,,
144,CS FUNGUS,650,,,,,,SPECIMEN,,
145,CS GENERAL,650,,,,,,SPECIMEN,,
146,CS PUS,650,,,,,,SPECIMEN,,
147,CS SPUTUM,650,,,,,,SPECIMEN,,
148,CS STOOL,650,,,,,,SPECIMEN,,
149,CS SWAB,650,,,,,,SPECIMEN,,
150,CS THROAT SWAB,650,,,,,,SPECIMEN,,
151,CS URINE,650,,,,,,URINE,,
152,CSF OLIGLOCONAL BAND,3300,,,,,,CSF,,
153,CSF R&M,650,,,,,,CSF,,
154,Cyclosporin,2000,,,,,,WBEDTA,,
155,CYTOLOGY,600,,,,,,SPECIMEN,,
156,D 3,1250,,,,,,SERUM,,
157,D-DIMER,1200,,,,,,CITRATEPLASMA,,
158,Dengue IgG (Elisa),600,,,,,,SERUM,,
159,Dengue IgM (ELISA),600,,,,,,SERUM,,
160,Dengue NS1Ag (Elisa),1000,,,,,,SERUM,,
161,Dengue PCR,2000,,,,,,ASK SUPIRIOR,,
162,Dental Check up,200,,,,,,DENTAL,,
163,Dev Diabetes Mx Progamme,550,,,,,,WBEDTA;SERUM;URINE,,
164,DHEA -S,650,,,,,,SERUM,,
165,Diabetic Profile,1000,,,,,,WBEDTA;SERUM;FBSFL;URINE;PPBSFL;PPUS,,
166,DIC profile,2600,,,,,,WBEDTA;SERUM;CITRATEPLASMA,,
167,Digoxin (Lanoxin),650,,,,,,SERUM,,
168,DIRECT COOMBS TEST,400,,,,,,WBEDTA;SERUM,,
169,Double Marker Profile (9 to 13.5 Week),2000,,,,,,PLAIN,,
170,E Visit,50,,,,,,,,
171,ECG,200,,,,,,ECG,,
172,ECO CARDIOGRAM,1000,,,,,,,,
173,ELECTROLYTES,600,,,,,,SERUM,,
174,EMMERGANCY CHARGES,150,,,,,,,,
175,ESR,100,,,,,,WBEDTA,,
176,ESTRADIOL (E 2),450,,,,,,SERUM,,
177,ESTRIOL E3 (FREE/UNCONJUGATED),900,,,,,,SERUM,,
178,Eye check up,200,,,,,,MER,,
179,FACTOR V LEVEL,2500,,,,,,CITRATEPLASMA,,
180,FBS,40,,,,,,FBSFL;URINE,,
181,FBS & PPBS,80,,,,,,FBSFL;URINE;PPBSFL;PPUS,,
182,FBS/PG2BS,80,,,,,,FBSFL;URINE;PG2BSFL;URINE,,
183,FDP,750,,,,,,CITRATE PLASMA,,
184,FERITIN,600,,,,,,SERUM,,
185,Fever Profile,400,,,,,,WBEDTA;SERUM;URINE,,
186,FIBRINOGEN,600,,,,,,CITRATEPLASMA,,
187,Fluid Cytology (Cell block),1500,,,,,,SPECIMEN,,
188,Fluid RM,600,,,,,,FLUID,,
189,FNAC,1000,,,,,,SMEARS,,
190,FOLIC ACID,700,,,,,,SERUM,,
191,FORM 1 (MER),0,,,,,,,,
192,Free Light Chain Analysis (FLC,5500,,,,,,SERUM,,
193,FREE PSA,900,,,,,,SERUM,,
194,Free Testosterone,850,,,,,,SERUM,,
195,FSH,450,,,,,,SERUM,,
196,"FSH Pooled (0,20,60)",500,,,,,,SERUM,"6,20,60",
197,FT3,300,,,,,,SERUM,,
198,FT3 FT4 TSH,850,,,,,,SERUM,,
199,FT4,300,,,,,,SERUM,,
200,FT4 TSH,550,,,,,,SERUM,,
201,G6PD,450,,,,,,WBEDTA,,
202,GASTRIN,2000,,,,,,SERUM,,
203,GENE X PERT TB,3000,,,,,,,,
204,GFR,800,,,,,,,,
205,GFT ESTIMATED (eGFR),250,,,,,,SERUM,,
206,GGT (Gamma GT),450,,,,,,SERUM,,
207,Giemsa Stain,200,,,,,,SPECIMEN,,
208,GLYCOSYLATED HB(HbA1C),500,,,,,,WBEDTA,,
209,Gram Stain.,200,,,,,,SPECIMEN,,
210,GROUP,100,,,,,,WBEDTA,,
211,GROWTH HORMONE,750,,,,,,SERUM,,
212,GTT 3 Sample,250,,,,,,FBSFL;URINE;1HRBS;1HRUS;2HRBS;2HRUS,,
213,GTT 5 Sample,400,,,,,,FBS;URINE;1HRBS;1HRUS;2HRBS;2HRUS,,
214,GTT 5 SAMPLE,400,,,,,,ASK SUPERIOR,,
215,H Pylori IgA,600,,,,,,SERUM,,
216,H Pylori IgG,600,,,,,,SERUM,,
217,H Pylori IgM,600,,,,,,SERUM,,
218,HAV IgM,700,,,,,,SERUM,,
219,HB,80,,,,,,WBEDTA,,
220,HB ELECTROPHORESIS,700,,,,,,WBEDTA,,
221,HBA1C,500,,,,,,WBEDTA,,
222,HBeAG,700,,,,,,SERUM,,
223,HBsAg,250,,,,,,SERUM,,
224,HBsAg BY ELISA,250,,,,,,SERUM,,
225,HBV DNA quantitative RT PCR,5000,,,,,,WBEDTA;SERUM,,
226,HC (Health Check) I,800,,,,,,EDTA;SERUM;URINE,,
227,HC (Health Check) II,2000,,,,,,WBEDTA;SERUM;URINE,,
228,HC (Health Check) III,3000,,,,,,WBEDTA;SERUM;URINE;PPBSFL;PPUS,,
229,HC(Health Check) IV FEMALE,3000,,,,,,WBEDTA;SERUM;URINE;PPBSFL;PPUS,,
230,HC(Health Check) IV MALE,3000,,,,,,WBEDTA;SERUM;URINE;PPBSFL;PPUS,,
231,HCV (Anti HCV),650,,,,,,SERUM,,
232,HDL Cholesterol,200,,,,,,SERUM,,
233,Health Check (Dr AJP),700,,,,,,WBEDTA;SERUM;URINE,,
234,Health Scan I,750,,,,,,WBEDTA;SERUM;URINE,,
235,Health Scan II,1500,,,,,,WBEDTA;SERUM;URINE,,
236,Health Scan III,2000,,,,,,WBEDTA;SERUM;URINE;PPBSFL;PPUS,,
237,Health Scan IV FOR Female,2500,,,,,,WBEDTA;SERUM;URINE;PPBSFL;PPUS;STOOL,,
238,Health Scan IV FOR Male,2500,,,,,,WBEDTA;SERUM;URINE;PPBSFL;PPUS;STOOL,,
239,Heavy Metals,6000,,,,,,WBEDTA,,
240,Hemoglobinuria,250,,,,,,URINE,,
241,HEV IgM,850,,,,,,SERUM,,
242,HISTOPATHOLOGY EXAMINATION,1200,,,,,,SPECIMEN,,
243,HIV,500,,,,,,SERUM,,
244,HIV & HBsAg,750,,,,,,SERUM,,
245,HIV WESTERN BLOT,2100,,,,,,SERUM,,
246,HLAB27,1800,,,,,,WBEDTA,,
247,HOMOCYSTINE,1000,,,,,,SERUM,,
248,HOTEL FORMULA ONE CAMP,400,,,,,,WBEDTA;SERUM;URINE,,
249,HS CRP,500,,,,,,SERUM,,
250,HSV -I IgG,350,,,,,,SERUM,,
251,HSV -I IgM,350,,,,,,SERUM,,
252,HSV II IgG,350,,,,,,SERUM,,
253,HSV II IgM,350,,,,,,SERUM,,
254,IgA,550,,,,,,SERUM,,
255,IgE,550,,,,,,SERUM,,
256,IGF I,1400,,,,,,SERUM,,
257,image,0,,,,,,,,
258,Immunofixation electrophoresis,4800,,,,,,SERUM;HISTORY,,
259,IMMUNOPHENOTYPING (LymphomaPan,8500,,,,,,WBEDTA,,
260,INDIAN INK PREPERATION,1000,,,,,,CSF,,
261,Inhibin A,1800,,,,,,SERUM,,
262,Inhibin B,2000,,,,,,SERUM,,
263,INSULIN Fasting,600,,,,,,SERUM,,
264,INSULIN PP,600,,,,,,SERUM,,
265,Inteleukin 6 (IL 6),2500,,,,,,SERUM,,
266,IONIC CALCIUM,500,,,,,,SERUM,,
267,IRON,400,,,,,,SERUM,,
268,K,200,,,,,,SERUM,,
269,KAMLESH FATANIA BASIC,0,,,,,,SERUM;FBSFL;URINE;PPBSFL;PPUS,,
270,KAMLESH FATANIA DIABETIC PROFILE,0,,,,,,FBSFL;URINE;PPBSFL;PPUS;SERUM,,
271,KCCB CAMP,60,,,,,,WBEDTA;PLAIN;MER,,
272,KOH Examination for fungal elements,200,,,,,,SPECIMEN,,
273,LACTATE,500,,,,,,WBHEP,,
274,LBC PAP,1000,,,,,,SMEAR,,
275,LDH,500,,,,,,SERUM,,
276,Leptospira IgM & IgG,1600,,,,,,SERUM,,
277,LFT,700,,,,,,SERUM,,
278,LFT with GGT,1000,,,,,,SERUM,,
279,LFT With PT,800,,,,,,SERUM;CITRATEPLASMA,,
280,LH,450,,,,,,SERUM,,
281,"LH Pooled (0,20,60)",500,,,,,,SERUM,"6,20,60",
282,LIPASE,500,,,,,,SERUM,,
283,Lipase (Fluid),500,,,,,,FLUID,,
284,LIPID PROFILE,600,,,,,,SERUM,,
285,Lithium,650,,,,,,SERUM,,
286,"Liver Immunoblot (M2, LKM1, LC1, SLA, ACTIN)",3500,,,,,,Serum,,
287,LKM 1 (Liver kidney Microsomes Antibody),1800,,,,,,SERUM,,
288,LP (a),700,,,,,,SERUM,,
289,LUPUS ANTICOANGULANT,1000,,,,,,SERUM,,
290,Magnesium,400,,,,,,SERUM,,
291,MEDICAL HEALTH CHECK,85,,,,,,MER,,
292,merrpt,0,,,,,,,,
293,Metanephrine (Total),4500,,,,,,WBEDTA,,
294,MICROALBUMIN Urine,500,,,,,,URIEN,,
295,MMR Vaccination Titer,1500,,,,,,SERUM,,
296,MP ANTIGEN,400,,,,,,WBEDTA,,
297,MP BY PS,150,,,,,,WBEDTA,,
298,MT(Mountex Test),150,,,,,,,,
299,MYGLOBULIN SERUM,600,,,,,,SERUM,,
300,MYGLOBULIN URINE,600,,,,,,URINE,,
301,N Mo Ab,3600,,,,,,SERUM,,
302,Na,200,,,,,,SERUM,,
303,NA & K,400,,,,,,SERUM,,
304,OCCUPATIONAL HEALTH CHECK,3000,,,,,,WBEDTA;SERUM;URINE;PPBSFL;PPUS,,
305,Opthalmic Examination,150,,,,,,MER,,
306,OSMOLALITY Serum,650,,,,,,SERUM,,
307,OSMOLALITY Urine,650,,,,,,URINE,,
308,Osmotic Fragility Test,1000,,,,,,WBHEP;WBEDTA;SERUM,,
309,PAP SMEAR,250,,,,,,SMEAR,,
310,Paraneoplastic Marker(Neurological Ag pr,4500,,,,,,SERUM,,
311,PARATHYROID HORMONE (PTH),750,,,,,,WBEDTA,,
312,PFT,800,,,,,,PFT,,
313,PG2BS,50,,,,,,PG2BSFL;URINE,,
314,PHENYTOIN (EPTOIN;DILANTIN),650,,,,,,SERUM,,
315,PHOSPHURUS,200,,,,,,SERUM,,
316,Pidilite Check Up,500,,,,,,WBEDTA;SERUM;URINE,,
317,PLATLET COUNT,200,,,,,,WBEDTA,,
318,PLEURAL FLUID R/M,600,,,,,,PLEURALFLUID,,
319,Pnemocystitis Carini,500,,,,,,SPUTUM OR BAL,,
320,Pneumo Slide Panel,4000,,,,,,,,
321,POC for Cytogenetic Analysis,5700,,,,,,POC IN GENTAMYCIN,,
322,PORPHOBILINOGEN urine,200,,,,,,URINE,,
323,Post Dinner Blood Sugar,50,,,,,,PDBSFL;PDUS,,
324,POTASSIUM,200,,,,,,SERUM,,
325,PPBS,40,,,,,,PPBSFL;PPUS,,
326,PRE Angio Profile,450,,,,,,WBEDTA;SERUM;URINE,,
327,PRE OP MAJOR PROFILE,1200,,,,,,WBEDTA;SERUM;URINE;CITRATEPLASMA,1,2
328,PRE OP MAJOR PROFILE Extended,1800,,,,,,WBEDTA;SERUM;URINE;CITRATEPLASMA,1,2
329,PRE OP MINOR PROFILE,700,,,,,,WBEDTA;SERUM;URINE,,
330,PRE OP MINOR PROFILE Extended,1200,,,,,,WBEDTA;SERUM;URINE,,
331,Pregnance Test,200,,,,,,URINE,,
332,PRO CALCITONIN (PCT),2500,,,,,,SERUM,,
333,PROGESTERON,450,,,,,,SERUM,,
334,PROLACTIN,450,,,,,,SERUM,,
335,"Prolactin Pooled (0,20,60)",650,,,,,,SERUM,"6,20,60",
336,PROTEIN ALB GLOB WITH AG Ratio,200,,,,,,SERUM,,
337,PROTEIN C,2700,,,,,,CITRATEPLASMA,,
338,Protein Electrophoresis,800,,,,,,SERUM,,
339,PROTEIN S,2700,,,,,,CITRATEPLASMA,,
340,PS FOR MP,150,,,,,,WBEDTA,,
341,PSA,600,,,,,,SERUM,,
342,PT,250,,,,,,CITRATEPLASMA,,
343,PTH,750,,,,,,WBEDTA,,
344,Pus RM,600,,,,,,PUS,,
345,Quad Marker Scree(15-21 Weeks),2800,,,,,,SERUM,,
346,RA (RF),300,,,,,,SERUM,,
347,RBS,70,,,,,,SERUM;URINE,,
348,RBS 6 HOURLY,300,,,,,,RBSFL;RUSFL,,
349,Renal Function Tests (RFT),700,,,,,,SERUM;URINE,,
350,RENIL LEVEL,3200,,,,,,SERUM,,
351,RETIC COUNT,200,,,,,,WBEDTA,,
352,RPR,300,,,,,,SERUM,,
353,Rubella IgM,350,,,,,,SERUM,,
354,RUBELLIA IgG,350,,,,,,SERUM,,
355,SBI Cat D,0,,,,,,PLAIN;MER,,
356,Scrub Typhus Serology,1600,,,,,,SERUM,,
357,SEMEN Examination,250,,,,,,SEMEN,,
358,SERUM OSMOLALITY,650,,,,,,SERUM,,
359,Serum protein electrophoresis,800,,,,,,SERUM,,
360,SGOT,200,,,,,,SERUM,,
361,SGPT,200,,,,,,SERUM,,
362,SICKLING TEST,300,,,,,,WBEDTA,,
363,SODIUM,200,,,,,,SERUM,,
364,Sputum  for A.F.B.,200,,,,,,SPUTUM,,
365,Sputum  for A.F.B. 3 days,600,,,,,,SPUTUM1;SPUTUM2;SPUTUM3,,
366,SPUTUM EXAMINATION,600,,,,,,SPUTUM,,
367,STONE ANALYSIS,600,,,,,,STONE,,
368,STOOL H PYLORI ANTIGEN,1400,,,,,,STOOL,,
369,STOOL R&M,150,,,,,,STOOL,,
370,Stool RM 3 Days,450,,,,,,STOOL1;STOOL2;STOOL3,,
371,Stool RM 5 Days,450,,,,,,STOOL1;STOOL2;STOOL3,,
372,Sucrose Lysis (for PNH),600,,,,,,WBEDTA,,
373,SUGAR FBS AND PPBS,80,,,,,,FBSFL;URINE;PPBSFL;PPUS,,
374,SYNOVIAL FLUID EXAMINATION,500,,,,,,SYNOVIALFLUID,,
375,T3,250,,,,,,SERUM,,
376,T3 T4 TSH,600,,,,,,SERUM,,
377,T4,250,,,,,,SERUM,,
378,Tacrolimus Level,3500,,,,,,EDTA;HEPARIN,,
379,TB GOLD GAMMA INTERFERON,2800,,,,,,LITHIUM HEPARIN,,
380,TB PCR,2000,,,,,,ASK SUPIRIOR,,
381,TC DC,200,,,,,,WBEDTA,,
382,TESTOSTERONE LEVEL,500,,,,,,SERUM,,
383,THROAT SWAB,250,,,,,,SWAB,,
384,TIBC,400,,,,,,SERUM,,
385,TMT,1200,,,,,,,,
386,TORCH COMPLEX 10 PARAMETER,2200,,,,,,SERUM,,
387,TORCH COMPLEX 8 PARAMETER,1800,,,,,,SERUM,,
388,Toxoplasma IgG,350,,,,,,SERUM,,
389,Toxoplasma IgM,350,,,,,,SERUM,,
390,TPAB (Total Syphilis Ab),1000,,,,,,SERUM,,
391,TPHA,450,,,,,,SERUM,,
392,Triglycerides,200,,,,,,SERUM,,
393,Triple Marker (15 to 21 Weeks),2500,,,,,,SERUM,,
394,TROPONIN T,1000,,,,,,WBEDTA,,
395,TROPONIN-I,750,,,,,,SERUM,,
396,TSH,250,,,,,,SERUM,,
397,tTG IgA,800,,,,,,SERUM,,
398,tTG IgG,800,,,,,,SERUM,,
399,TUBERCULIN TEST,150,,,,,,,,
400,TYPHI DOT IgM/IgG,500,,,,,,SERUM,,
401,UPT,200,,,,,,URINE,,
402,UREA,200,,,,,,SERUM,,
403,URIC ACID,200,,,,,,SERUM,,
404,URINE ABL/CREAT RATIO(Spot),700,,,,,,URINE,,
405,URINE AFB,200,,,,,,URINE,,
406,Urine Bense Jones Protein,300,,,,,,URINE,,
407,URINE BSBP,50,,,,,,URINE,,
408,Urine Cloride,250,,,,,,URINE,,
409,Urine Potassium,250,,,,,,URINE,,
410,Urine Screen for Amphetamine,800,,,,,,URINE,,
411,Urine Screen for Cannabinoids,800,,,,,,URINE,,
412,Urine Screen for Opiates,800,,,,,,URINE,,
413,Urine Sodium,250,,,,,,URINE,,
414,USG ABDOMEN,1200,,,,,,USG,,
415,VALPROIC ACID,650,,,,,,SERUM,,
416,Varicella Zoster Vaccination T,1500,,,,,,SERUM,,
417,varicella-zoster virus IgG,1000,,,,,,SERUM,,
418,varicella-zoster virus IgM,1000,,,,,,SERUM,,
419,VDRL/RPR,300,,,,,,SERUM,,
420,Viral Load HCV,5000,,,,,,WBEDTA;SERUM,,
421,VISIT,100,,,,,,,,
422,VISIT,20,,,,,,,,
423,VISIT,30,,,,,,,,
424,VISIT,40,,,,,,,,
425,VISIT,60,,,,,,,,
426,VISIT,50,,,,,,,,
427,VISTI ECG MER,150,,,,,,,,
428,Weil–Felix test,1500,,,,,,SERUM,,
429,Widal,200,,,,,,SERUM,,
430,X RAY CHEST,500,,,,,,XRAY,,
431,X RAY general,500,,,,,,XRAY,,
432,xDengue NS1Agb Rapid,700,,,,,,SERUM,,
433,xDENGUE Rapid,1500,,,,,,SERUM,,
